{"stats":{"minecraft:used":{"sebastiancraft:fourlung_spawn_egg":2,"sebastiancraft:sasquack_spawn_egg":5,"sebastiancraft:seb_spawn_egg":3,"sebastiancraft:camden_spawn_egg":1,"minecraft:netherite_axe":27,"minecraft:iron_golem_spawn_egg":1,"sebastiancraft:lead_sword":5,"sebastiancraft:mainegravel":14,"sebastiancraft:maine":1},"minecraft:custom":{"minecraft:time_since_rest":47,"minecraft:crouch_one_cm":63,"minecraft:damage_taken":300,"minecraft:sprint_one_cm":16411,"minecraft:play_time":9088,"minecraft:deaths":2,"minecraft:walk_one_cm":25101,"minecraft:sneak_time":22,"minecraft:mob_kills":11,"minecraft:jump":154,"minecraft:damage_dealt":3930,"minecraft:leave_game":3,"minecraft:time_since_death":0,"minecraft:total_world_time":14644,"minecraft:fly_one_cm":45214},"minecraft:killed":{"minecraft:iron_golem":1,"sebastiancraft:camden":1,"sebastiancraft:fourlung":2,"sebastiancraft:sasquack":3,"sebastiancraft:seb":4},"minecraft:picked_up":{"sebastiancraft:club":2,"minecraft:iron_golem_spawn_egg":1,"minecraft:iron_ingot":3,"minecraft:cake":1,"sebastiancraft:lead_ingot":2,"sebastiancraft:sasquack_spawn_egg":1,"minecraft:poppy":1,"sebastiancraft:lobstertool":4},"minecraft:killed_by":{"sebastiancraft:sasquack":1}},"DataVersion":3465}