{
  "has_precipitation": true,
  "temperature": 0.1,
  "downfall": 1,
  "effects": {
    "foliage_color": -16751053,
    "grass_color": -14652142,
    "sky_color": -7297859,
    "fog_color": -7297859,
    "water_color": -16764404,
    "water_fog_color": -16777216
  },
  "spawners": {
    "monster": [],
    "creature": [],
    "ambient": [
      {
        "type": "pig",
        "weight": 75,
        "minCount": 1,
        "maxCount": 3
      },
      {
        "type": "chicken",
        "weight": 59,
        "minCount": 1,
        "maxCount": 2
      },
      {
        "type": "cow",
        "weight": 60,
        "minCount": 1,
        "maxCount": 2
      }
    ],
    "axolotls": [],
    "underground_water_creature": [],
    "water_creature": [],
    "water_ambient": [],
    "misc": []
  },
  "spawn_costs": {},
  "carvers": {
    "air": [
      "minecraft:cave",
      "minecraft:cave_extra_underground",
      "minecraft:canyon"
    ]
  },
  "features": [
    [],
    [
      "minecraft:lake_lava_underground"
    ],
    [],
    [],
    [],
    [],
    [
      "minecraft:ore_coal_upper",
      "minecraft:ore_coal_lower",
      "minecraft:ore_iron_upper",
      "minecraft:ore_iron_middle",
      "minecraft:ore_iron_small",
      "minecraft:ore_gold",
      "minecraft:ore_gold_lower",
      "minecraft:ore_redstone",
      "minecraft:ore_redstone_lower",
      "minecraft:ore_diamond",
      "minecraft:ore_diamond_large",
      "minecraft:ore_diamond_buried",
      "minecraft:ore_lapis",
      "minecraft:ore_lapis_buried",
      "minecraft:ore_copper",
      "minecraft:underwater_magma"
    ],
    [],
    [],
    [
      "sebastiancraft:maineforest_tree"
    ],
    [
      "minecraft:freeze_top_layer"
    ]
  ]
}