{
  "_fv": 66,
  "_type": "tool",
  "definition": {
    "toolType": "Axe",
    "renderType": 0,
    "blockingRenderType": 0,
    "texture": "lead_axe",
    "customModelName": "Normal",
    "blockingModelName": "Normal blocking",
    "name": "Lead Axe",
    "specialInformation": {
      "fixedValue": []
    },
    "creativeTabs": [
      {
        "value": "TOOLS"
      }
    ],
    "efficiency": 8.0,
    "attackSpeed": 5.0,
    "enchantability": 21,
    "damageVsEntity": 6.0,
    "usageCount": 441,
    "glowCondition": {
      "fixedValue": false
    },
    "repairItems": [
      {
        "value": "CUSTOM:LeadIngot"
      }
    ],
    "immuneToFire": false,
    "blockDropsTier": "DIAMOND",
    "blocksAffected": [],
    "stayInGridWhenCrafting": false,
    "damageOnCrafting": false
  }
}