{
  "_fv": 66,
  "_type": "tool",
  "definition": {
    "toolType": "Sword",
    "renderType": 0,
    "blockingRenderType": 0,
    "texture": "lead",
    "customModelName": "Normal",
    "blockingModelName": "Normal blocking",
    "name": "Lead Sword",
    "specialInformation": {
      "fixedValue": []
    },
    "creativeTabs": [
      {
        "value": "COMBAT"
      }
    ],
    "efficiency": 8.0,
    "attackSpeed": 5.0,
    "enchantability": 21,
    "damageVsEntity": 7.0,
    "usageCount": 470,
    "glowCondition": {
      "fixedValue": false
    },
    "repairItems": [
      {
        "value": "CUSTOM:LeadIngot"
      }
    ],
    "immuneToFire": false,
    "blockDropsTier": "DIAMOND",
    "blocksAffected": [],
    "stayInGridWhenCrafting": false,
    "damageOnCrafting": false,
    "onEntityHitWith": {
      "name": "LeadSwordLivingEntityIsHitWithTool"
    }
  }
}