{
  "_fv": 66,
  "_type": "tool",
  "definition": {
    "toolType": "Sword",
    "renderType": 0,
    "blockingRenderType": 0,
    "texture": "hi",
    "customModelName": "Normal",
    "blockingModelName": "Normal blocking",
    "name": "Lobster Tool",
    "specialInformation": {
      "fixedValue": [
        ""
      ]
    },
    "creativeTabs": [
      {
        "value": "TOOLS"
      }
    ],
    "efficiency": 4.0,
    "attackSpeed": 8.0,
    "enchantability": 2,
    "damageVsEntity": 15.0,
    "usageCount": 1,
    "glowCondition": {
      "fixedValue": false
    },
    "repairItems": [
      {
        "value": "CUSTOM:Slower"
      },
      {
        "value": "CUSTOM:Mainesand"
      }
    ],
    "immuneToFire": true,
    "blockDropsTier": "WOOD",
    "blocksAffected": [],
    "stayInGridWhenCrafting": false,
    "damageOnCrafting": false
  }
}