{
  "_fv": 66,
  "_type": "structure",
  "definition": {
    "structure": "mainehouse",
    "projection": "rigid",
    "ignoredBlocks": [
      {
        "value": "Blocks.STRUCTURE_BLOCK"
      }
    ],
    "spacing": 20,
    "separation": 8,
    "restrictionBiomes": [
      {
        "value": "CUSTOM:Maineforest"
      },
      {
        "value": "CUSTOM:Maineplain"
      },
      {
        "value": "CUSTOM:MaineHIlls"
      },
      {
        "value": "CUSTOM:MaineOcean"
      }
    ],
    "terrainAdaptation": "beard_thin",
    "generationStep": "SURFACE_STRUCTURES",
    "surfaceDetectionType": "WORLD_SURFACE_WG",
    "useStartHeight": false,
    "startHeightProviderType": "UNIFORM",
    "startHeightMin": 0,
    "startHeightMax": 128,
    "size": 1,
    "maxDistanceFromCenter": 64,
    "jigsawPools": []
  }
}