{
  "_fv": 66,
  "_type": "dimension",
  "definition": {
    "biomesInDimension": [
      {
        "value": "CUSTOM:Maineforest"
      },
      {
        "value": "CUSTOM:Maineplain"
      },
      {
        "value": "CUSTOM:MaineHIlls"
      },
      {
        "value": "CUSTOM:MaineOcean"
      },
      {
        "value": "river"
      }
    ],
    "worldGenType": "Normal world gen",
    "mainFillerBlock": {
      "value": "Blocks.STONE#0"
    },
    "fluidBlock": {
      "value": "Blocks.WATER"
    },
    "canRespawnHere": true,
    "hasFog": true,
    "isDark": true,
    "doesWaterVaporize": false,
    "sleepResult": "ALLOW",
    "hasSkyLight": true,
    "imitateOverworldBehaviour": true,
    "portalFrame": {
      "value": "CUSTOM:Mainegravel"
    },
    "portalParticles": {
      "value": "PORTAL"
    },
    "portalLuminance": 0,
    "portalSound": {
      "value": "block.anvil.fall"
    },
    "enableIgniter": true,
    "igniterName": "Maine Portal Igniter",
    "igniterRarity": "COMMON",
    "specialInformation": {
      "fixedValue": []
    },
    "creativeTabs": [
      {
        "value": "TOOLS"
      }
    ],
    "texture": "minecraft:amethyst_shard",
    "portalTexture": "675676756775",
    "enablePortal": true
  }
}