{
  "_fv": 66,
  "_type": "biome",
  "definition": {
    "name": "Maineforest",
    "groundBlock": {
      "value": "CUSTOM:Mainegrass"
    },
    "undergroundBlock": {
      "value": "Blocks.DIRT#1"
    },
    "underwaterBlock": {
      "value": "CUSTOM:Mainegravel"
    },
    "airColor": {
      "value": -7297859,
      "falpha": 0.0
    },
    "grassColor": {
      "value": -14652142,
      "falpha": 0.0
    },
    "foliageColor": {
      "value": -16751053,
      "falpha": 0.0
    },
    "waterColor": {
      "value": -16764404,
      "falpha": 0.0
    },
    "waterFogColor": {
      "value": -16777216,
      "falpha": 0.0
    },
    "ambientSound": {
      "value": ""
    },
    "additionsSound": {
      "value": ""
    },
    "music": {
      "value": ""
    },
    "moodSound": {
      "value": ""
    },
    "moodSoundDelay": 6000,
    "spawnParticles": false,
    "particleToSpawn": {
      "value": "EXPLOSION_NORMAL"
    },
    "particlesProbability": 0.5,
    "rainingPossibility": 1.0,
    "temperature": 0.1,
    "spawnBiome": false,
    "spawnInCaves": false,
    "spawnBiomeNether": false,
    "genTemperature": {
      "min": -1.0,
      "max": -0.45
    },
    "genHumidity": {
      "min": -0.19,
      "max": 1.0
    },
    "genContinentalness": {
      "min": -1.0,
      "max": 0.15
    },
    "genErosion": {
      "min": 0.1,
      "max": 1.0
    },
    "genWeirdness": {
      "min": -1.0,
      "max": 1.0
    },
    "treesPerChunk": 4,
    "vanillaTreeType": "Mega pine trees",
    "treeType": 1,
    "minHeight": 4,
    "treeStem": {
      "value": "CUSTOM:Firlog"
    },
    "treeBranch": {
      "value": "Blocks.LEAVES#1"
    },
    "treeVines": {
      "value": ""
    },
    "treeFruits": {
      "value": ""
    },
    "defaultFeatures": [
      "Caves",
      "Ores",
      "FrozenTopLayer"
    ],
    "spawnStronghold": false,
    "spawnMineshaft": true,
    "spawnMineshaftMesa": false,
    "spawnPillagerOutpost": false,
    "villageType": "none",
    "spawnWoodlandMansion": false,
    "spawnJungleTemple": false,
    "spawnDesertPyramid": false,
    "spawnSwampHut": true,
    "spawnIgloo": true,
    "spawnOceanMonument": false,
    "spawnShipwreck": false,
    "spawnShipwreckBeached": false,
    "spawnBuriedTreasure": false,
    "oceanRuinType": "NONE",
    "spawnNetherBridge": false,
    "spawnNetherFossil": false,
    "spawnBastionRemnant": false,
    "spawnEndCity": false,
    "spawnRuinedPortal": "STANDARD",
    "spawnEntries": [
      {
        "entity": {
          "value": "EntityPig"
        },
        "minGroup": 1,
        "maxGroup": 3,
        "weight": 75,
        "spawnType": "ambient"
      },
      {
        "entity": {
          "value": "EntityChicken"
        },
        "minGroup": 1,
        "maxGroup": 2,
        "weight": 59,
        "spawnType": "ambient"
      },
      {
        "entity": {
          "value": "EntityCow"
        },
        "minGroup": 1,
        "maxGroup": 2,
        "weight": 60,
        "spawnType": "ambient"
      }
    ]
  }
}