{
  "type": "minecraft:jigsaw",
  "start_pool": "sebastiancraft:dunkindonut",
  "size": 1,
  "max_distance_from_center": 64,
  "spawn_overrides": {},
  "step": "surface_structures",
  "terrain_adaptation": "beard_thin",
  "start_height": {
    "absolute": 0
  },
  "project_start_to_heightmap": "WORLD_SURFACE_WG",
  "biomes": [
    "sebastiancraft:maineforest",
    "sebastiancraft:maineplain",
    "sebastiancraft:maine_ocean",
    "sebastiancraft:maine_h_ills"
  ],
  "use_expansion_hack": false
}