{
  "hi": {
    "subtitle": "subtitles.hi",
    "sounds": [
      {
        "name": "sebastiancraft:sas_step2",
        "stream": false
      },
      {
        "name": "sebastiancraft:sas_step_3",
        "stream": false
      },
      {
        "name": "sebastiancraft:sas_step1",
        "stream": false
      }
    ]
  },
  "saqhurt": {
    "subtitle": "subtitles.saqhurt",
    "sounds": [
      {
        "name": "sebastiancraft:sas_hurt",
        "stream": false
      }
    ]
  },
  "live": {
    "subtitle": "subtitles.live",
    "sounds": [
      {
        "name": "sebastiancraft:sas_live",
        "stream": false
      }
    ]
  },
  "saqdeath": {
    "subtitle": "subtitles.saqdeath",
    "sounds": [
      {
        "name": "sebastiancraft:sas_died",
        "stream": false
      }
    ]
  },
  "seblive": {
    "subtitle": "subtitles.seblive",
    "sounds": [
      {
        "name": "sebastiancraft:seb_live",
        "stream": false
      }
    ]
  },
  "sebsteps": {
    "subtitle": "subtitles.sebsteps",
    "sounds": [
      {
        "name": "sebastiancraft:seb_step",
        "stream": false
      }
    ]
  },
  "sebhurt": {
    "subtitle": "subtitles.sebhurt",
    "sounds": [
      {
        "name": "sebastiancraft:seb_hurt1",
        "stream": false
      }
    ]
  },
  "sebdies": {
    "subtitle": "subtitles.sebdies",
    "sounds": [
      {
        "name": "sebastiancraft:seb_death",
        "stream": false
      }
    ]
  },
  "camdendies": {
    "subtitle": "subtitles.camdendies",
    "sounds": [
      {
        "name": "sebastiancraft:camdendeath",
        "stream": false
      }
    ]
  },
  "camdenlives": {
    "subtitle": "subtitles.camdenlives",
    "sounds": [
      {
        "name": "sebastiancraft:camdenlive",
        "stream": false
      }
    ]
  },
  "camdenstep": {
    "subtitle": "subtitles.camdenstep",
    "sounds": [
      {
        "name": "sebastiancraft:camdenstep",
        "stream": false
      }
    ]
  },
  "camdenhurt": {
    "subtitle": "subtitles.camdenhurt",
    "sounds": [
      {
        "name": "sebastiancraft:camdenhurt",
        "stream": false
      }
    ]
  }
}